Date,Andaman,Andhra Pradesh,Arunachal Pradesh,Assam,Bihar,Chandigarh,Chhattisgarh,Daman,Delhi,Goa,Gujarat,Haryana,Himachal Pradesh,Jammu and Kashmir,Jharkhand,Karnataka,Kerala,Ladakh,Lakshadweep,Madhya Pradesh,Maharashtra,Manipur,Meghalaya,Mizoram,Nagaland,Odisha,Puducherry,Punjab,Rajasthan,Sikkim,Tamil Nadu,Telangana,Tripura,Uttar Pradesh,Uttarakhand,West Bengal
2020-03-12,0.0,1.0,0.0,0.0,0.0,0.0,0.0,0.0,6.0,0.0,0.0,14.0,0.0,1.0,0.0,4.0,14.0,3.0,0.0,0.0,11.0,0.0,0.0,0.0,0.0,0.0,0.0,1.0,3.0,0.0,1.0,1.0,0.0,11.0,0.0,0.0
2020-03-13,0.0,1.0,0.0,0.0,0.0,0.0,0.0,0.0,6.0,0.0,0.0,14.0,0.0,1.0,0.0,4.0,14.0,3.0,0.0,0.0,11.0,0.0,0.0,0.0,0.0,0.0,0.0,1.0,3.0,0.0,1.0,1.0,0.0,11.0,0.0,0.0
2020-03-14,0.0,1.0,0.0,0.0,0.0,0.0,0.0,0.0,5.0,0.0,0.0,14.0,0.0,2.0,0.0,5.0,16.0,3.0,0.0,0.0,14.0,0.0,0.0,0.0,0.0,0.0,0.0,1.0,2.0,0.0,1.0,1.0,0.0,7.0,0.0,0.0
2020-03-15,0.0,1.0,0.0,0.0,0.0,0.0,0.0,0.0,4.0,0.0,0.0,14.0,0.0,2.0,0.0,5.0,19.0,3.0,0.0,0.0,31.0,0.0,0.0,0.0,0.0,0.0,0.0,1.0,4.0,0.0,1.0,2.0,0.0,8.0,0.0,0.0
2020-03-16,0.0,1.0,0.0,0.0,0.0,0.0,0.0,0.0,4.0,0.0,0.0,14.0,0.0,3.0,0.0,5.0,20.0,4.0,0.0,0.0,32.0,0.0,0.0,0.0,0.0,1.0,0.0,1.0,1.0,0.0,1.0,2.0,0.0,9.0,1.0,0.0
2020-03-17,0.0,1.0,0.0,0.0,0.0,0.0,0.0,0.0,5.0,0.0,0.0,15.0,0.0,3.0,0.0,10.0,23.0,6.0,0.0,0.0,38.0,0.0,0.0,0.0,0.0,1.0,0.0,1.0,1.0,0.0,1.0,4.0,0.0,10.0,1.0,0.0
2020-03-18,0.0,1.0,0.0,0.0,0.0,0.0,0.0,0.0,7.0,0.0,0.0,16.0,0.0,3.0,0.0,10.0,24.0,8.0,0.0,0.0,40.0,0.0,0.0,0.0,0.0,1.0,0.0,1.0,1.0,0.0,1.0,4.0,0.0,11.0,1.0,0.0
2020-03-19,0.0,1.0,0.0,0.0,0.0,1.0,0.0,0.0,9.0,0.0,0.0,17.0,0.0,4.0,0.0,13.0,24.0,8.0,0.0,0.0,44.0,0.0,0.0,0.0,0.0,1.0,1.0,1.0,4.0,0.0,1.0,5.0,0.0,12.0,1.0,1.0
2020-03-20,0.0,2.0,0.0,0.0,0.0,1.0,1.0,0.0,13.0,0.0,2.0,17.0,0.0,4.0,0.0,14.0,25.0,10.0,0.0,0.0,46.0,0.0,0.0,0.0,0.0,1.0,1.0,1.0,4.0,0.0,2.0,15.0,0.0,10.0,1.0,1.0
2020-03-21,0.0,3.0,0.0,0.0,0.0,1.0,1.0,0.0,20.0,0.0,7.0,17.0,2.0,4.0,0.0,13.0,37.0,13.0,0.0,4.0,51.0,0.0,0.0,0.0,0.0,2.0,1.0,1.0,14.0,0.0,2.0,18.0,0.0,15.0,3.0,2.0
2020-03-22,0.0,5.0,0.0,0.0,1.0,5.0,1.0,0.0,23.0,0.0,17.0,21.0,2.0,4.0,0.0,23.0,49.0,13.0,0.0,4.0,65.0,0.0,0.0,0.0,0.0,2.0,1.0,20.0,21.0,0.0,6.0,21.0,0.0,18.0,3.0,4.0
2020-03-23,0.0,7.0,0.0,0.0,1.0,6.0,1.0,0.0,23.0,0.0,28.0,26.0,2.0,4.0,0.0,30.0,64.0,13.0,0.0,6.0,72.0,0.0,0.0,0.0,0.0,2.0,1.0,20.0,25.0,0.0,8.0,31.0,0.0,22.0,3.0,7.0
2020-03-24,0.0,7.0,0.0,0.0,1.0,6.0,1.0,0.0,24.0,0.0,28.0,15.0,2.0,4.0,0.0,34.0,91.0,13.0,0.0,7.0,85.0,0.0,0.0,0.0,0.0,2.0,1.0,20.0,30.0,0.0,11.0,31.0,0.0,24.0,3.0,6.0
2020-03-25,0.0,8.0,0.0,0.0,2.0,7.0,1.0,0.0,22.0,0.0,32.0,17.0,2.0,4.0,0.0,33.0,91.0,13.0,0.0,7.0,87.0,1.0,0.0,0.0,0.0,2.0,1.0,28.0,29.0,0.0,14.0,34.0,0.0,22.0,4.0,8.0
2020-03-26,0.0,10.0,0.0,0.0,2.0,7.0,3.0,0.0,28.0,3.0,36.0,19.0,2.0,10.0,0.0,37.0,114.0,13.0,0.0,14.0,120.0,1.0,0.0,1.0,0.0,2.0,1.0,32.0,35.0,0.0,24.0,40.0,0.0,26.0,5.0,8.0
2020-03-27,1.0,11.0,0.0,0.0,5.0,7.0,6.0,0.0,29.0,3.0,40.0,19.0,2.0,11.0,0.0,50.0,126.0,10.0,0.0,19.0,111.0,1.0,0.0,1.0,0.0,2.0,1.0,32.0,38.0,0.0,27.0,44.0,0.0,30.0,5.0,9.0
2020-03-28,6.0,13.0,0.0,0.0,8.0,8.0,6.0,0.0,32.0,3.0,42.0,21.0,2.0,18.0,0.0,50.0,165.0,10.0,0.0,28.0,150.0,1.0,0.0,1.0,0.0,3.0,1.0,36.0,51.0,0.0,37.0,55.0,0.0,44.0,5.0,14.0
2020-03-29,9.0,13.0,0.0,0.0,8.0,8.0,6.0,0.0,31.0,3.0,49.0,21.0,2.0,29.0,0.0,68.0,166.0,10.0,0.0,28.0,155.0,1.0,0.0,1.0,0.0,3.0,1.0,36.0,51.0,0.0,39.0,64.0,0.0,44.0,5.0,16.0
2020-03-30,9.0,18.0,0.0,0.0,10.0,8.0,7.0,0.0,45.0,5.0,52.0,16.0,2.0,28.0,0.0,72.0,174.0,10.0,0.0,31.0,160.0,1.0,0.0,1.0,0.0,3.0,1.0,36.0,54.0,0.0,45.0,67.0,0.0,64.0,5.0,18.0
2020-03-31,10.0,39.0,0.0,0.0,14.0,13.0,8.0,0.0,89.0,5.0,64.0,19.0,2.0,50.0,0.0,75.0,214.0,10.0,0.0,44.0,168.0,1.0,0.0,1.0,0.0,3.0,1.0,37.0,71.0,0.0,69.0,77.0,0.0,87.0,5.0,24.0
2020-04-01,10.0,82.0,0.0,0.0,22.0,13.0,9.0,0.0,112.0,5.0,63.0,22.0,2.0,51.0,0.0,90.0,216.0,10.0,0.0,44.0,254.0,1.0,0.0,1.0,0.0,4.0,1.0,37.0,90.0,0.0,119.0,90.0,0.0,89.0,5.0,24.0
2020-04-02,10.0,84.0,0.0,1.0,22.0,16.0,7.0,0.0,144.0,5.0,71.0,22.0,1.0,58.0,1.0,98.0,238.0,10.0,0.0,93.0,280.0,1.0,0.0,1.0,0.0,4.0,2.0,41.0,105.0,0.0,227.0,92.0,0.0,97.0,5.0,28.0
2020-04-03,10.0,130.0,1.0,16.0,23.0,18.0,7.0,0.0,207.0,6.0,72.0,22.0,4.0,65.0,2.0,111.0,257.0,11.0,0.0,93.0,277.0,2.0,0.0,1.0,0.0,5.0,2.0,41.0,130.0,0.0,302.0,103.0,0.0,97.0,8.0,47.0
2020-04-04,10.0,159.0,1.0,24.0,28.0,18.0,6.0,0.0,372.0,6.0,76.0,25.0,4.0,70.0,2.0,113.0,252.0,11.0,0.0,98.0,362.0,2.0,0.0,1.0,0.0,5.0,4.0,47.0,176.0,0.0,404.0,150.0,0.0,153.0,14.0,57.0
2020-04-05,10.0,159.0,1.0,24.0,29.0,18.0,6.0,0.0,424.0,7.0,81.0,25.0,4.0,86.0,2.0,128.0,255.0,4.0,0.0,98.0,424.0,2.0,0.0,1.0,0.0,20.0,4.0,51.0,179.0,0.0,476.0,230.0,0.0,206.0,20.0,56.0
2020-04-06,10.0,222.0,1.0,26.0,29.0,18.0,6.0,0.0,478.0,7.0,93.0,58.0,11.0,100.0,3.0,135.0,257.0,4.0,0.0,156.0,603.0,2.0,0.0,1.0,0.0,19.0,4.0,58.0,232.0,0.0,558.0,280.0,0.0,206.0,22.0,67.0
2020-04-07,10.0,262.0,1.0,26.0,31.0,18.0,2.0,0.0,497.0,7.0,110.0,64.0,10.0,103.0,4.0,135.0,267.0,4.0,0.0,156.0,647.0,2.0,0.0,1.0,0.0,19.0,4.0,66.0,264.0,0.0,608.0,280.0,1.0,281.0,26.0,75.0
2020-04-08,10.0,300.0,1.0,27.0,37.0,11.0,1.0,0.0,546.0,7.0,127.0,116.0,15.0,110.0,4.0,146.0,264.0,4.0,0.0,216.0,875.0,2.0,0.0,1.0,0.0,39.0,4.0,80.0,304.0,0.0,664.0,322.0,1.0,302.0,26.0,81.0
2020-04-09,11.0,338.0,1.0,28.0,37.0,11.0,1.0,0.0,639.0,7.0,138.0,116.0,15.0,150.0,4.0,148.0,260.0,4.0,0.0,216.0,946.0,0.0,0.0,1.0,0.0,39.0,4.0,89.0,357.0,0.0,709.0,385.0,1.0,330.0,28.0,82.0
2020-04-10,11.0,338.0,1.0,29.0,38.0,11.0,1.0,0.0,683.0,7.0,198.0,137.0,15.0,150.0,12.0,148.0,259.0,5.0,0.0,243.0,1142.0,1.0,0.0,1.0,0.0,41.0,4.0,89.0,439.0,0.0,805.0,400.0,1.0,375.0,30.0,95.0
2020-04-11,11.0,350.0,1.0,28.0,59.0,11.0,9.0,0.0,865.0,6.0,258.0,145.0,21.0,197.0,13.0,170.0,239.0,5.0,0.0,402.0,1276.0,1.0,0.0,1.0,0.0,45.0,4.0,116.0,529.0,0.0,859.0,423.0,1.0,395.0,30.0,95.0
2020-04-12,1.0,364.0,1.0,28.0,62.0,12.0,9.0,0.0,1025.0,2.0,366.0,145.0,25.0,197.0,16.0,171.0,239.0,5.0,0.0,496.0,1426.0,1.0,0.0,1.0,0.0,47.0,6.0,135.0,676.0,0.0,915.0,452.0,2.0,402.0,30.0,110.0
2020-04-13,1.0,409.0,1.0,28.0,44.0,14.0,21.0,0.0,1103.0,2.0,447.0,153.0,18.0,235.0,17.0,169.0,195.0,5.0,0.0,528.0,1619.0,1.0,0.0,1.0,0.0,41.0,6.0,135.0,748.0,0.0,1014.0,452.0,2.0,432.0,30.0,116.0
2020-04-14,1.0,414.0,1.0,30.0,38.0,14.0,21.0,0.0,1452.0,2.0,459.0,153.0,18.0,250.0,22.0,182.0,178.0,5.0,0.0,517.0,1957.0,1.0,0.0,1.0,1.0,41.0,6.0,142.0,849.0,0.0,1104.0,446.0,2.0,504.0,30.0,147.0
2020-04-15,1.0,458.0,1.0,31.0,36.0,14.0,20.0,0.0,1501.0,2.0,563.0,162.0,19.0,244.0,25.0,179.0,173.0,7.0,0.0,629.0,2250.0,1.0,1.0,1.0,0.0,41.0,6.0,150.0,819.0,0.0,1111.0,507.0,2.0,605.0,28.0,169.0
2020-04-16,1.0,491.0,1.0,32.0,40.0,14.0,16.0,0.0,1506.0,2.0,669.0,159.0,18.0,260.0,26.0,187.0,167.0,7.0,0.0,870.0,2434.0,1.0,6.0,1.0,0.0,41.0,6.0,146.0,873.0,0.0,1110.0,509.0,1.0,673.0,28.0,182.0
2020-04-17,1.0,500.0,1.0,29.0,42.0,12.0,10.0,0.0,1551.0,1.0,821.0,159.0,18.0,272.0,26.0,220.0,147.0,4.0,0.0,1003.0,2711.0,1.0,6.0,1.0,0.0,40.0,6.0,146.0,964.0,0.0,1072.0,496.0,1.0,718.0,28.0,194.0
2020-04-18,1.0,522.0,1.0,29.0,44.0,12.0,12.0,0.0,1593.0,1.0,972.0,179.0,19.0,281.0,31.0,257.0,138.0,4.0,0.0,1172.0,2791.0,1.0,8.0,1.0,0.0,40.0,6.0,162.0,1035.0,0.0,1025.0,562.0,1.0,753.0,31.0,222.0
2020-04-19,3.0,546.0,1.0,22.0,47.0,13.0,12.0,0.0,1779.0,1.0,1230.0,179.0,22.0,285.0,32.0,266.0,140.0,4.0,0.0,1210.0,3075.0,1.0,10.0,1.0,0.0,36.0,4.0,162.0,1157.0,0.0,992.0,605.0,1.0,869.0,33.0,236.0
2020-04-20,4.0,589.0,1.0,17.0,49.0,13.0,11.0,0.0,1886.0,0.0,1575.0,143.0,22.0,289.0,40.0,263.0,129.0,4.0,0.0,1210.0,3473.0,1.0,10.0,1.0,0.0,43.0,4.0,172.0,1281.0,0.0,1051.0,640.0,1.0,959.0,33.0,261.0
2020-04-21,5.0,610.0,1.0,15.0,69.0,13.0,11.0,0.0,1603.0,0.0,1737.0,124.0,22.0,292.0,44.0,280.0,114.0,4.0,0.0,1284.0,3862.0,0.0,10.0,1.0,0.0,49.0,4.0,191.0,1346.0,0.0,1046.0,660.0,1.0,1026.0,28.0,307.0
2020-04-22,5.0,639.0,0.0,15.0,82.0,13.0,10.0,0.0,1498.0,0.0,1949.0,124.0,22.0,294.0,42.0,272.0,117.0,4.0,0.0,1328.0,4245.0,0.0,11.0,1.0,0.0,54.0,4.0,190.0,1404.0,0.0,943.0,711.0,1.0,1134.0,27.0,335.0
2020-04-23,7.0,669.0,0.0,15.0,95.0,13.0,10.0,0.0,1476.0,0.0,2125.0,119.0,21.0,310.0,38.0,279.0,112.0,4.0,0.0,1364.0,4594.0,0.0,11.0,1.0,0.0,50.0,4.0,186.0,1633.0,0.0,949.0,728.0,1.0,1255.0,23.0,362.0
2020-04-24,11.0,727.0,0.0,16.0,105.0,13.0,8.0,0.0,1518.0,0.0,2254.0,113.0,21.0,330.0,42.0,283.0,120.0,4.0,0.0,1413.0,5307.0,0.0,11.0,1.0,0.0,56.0,4.0,196.0,1707.0,0.0,911.0,739.0,1.0,1280.0,23.0,396.0
2020-04-25,16.0,781.0,0.0,16.0,175.0,13.0,6.0,0.0,1604.0,0.0,2423.0,113.0,21.0,340.0,46.0,304.0,116.0,6.0,0.0,1550.0,5676.0,0.0,11.0,1.0,0.0,60.0,4.0,214.0,1777.0,0.0,867.0,705.0,1.0,1349.0,23.0,450.0
2020-04-26,22.0,859.0,0.0,16.0,195.0,13.0,5.0,0.0,1702.0,0.0,2656.0,110.0,17.0,376.0,51.0,324.0,115.0,6.0,0.0,1787.0,6229.0,0.0,11.0,1.0,0.0,60.0,4.0,214.0,1557.0,0.0,838.0,685.0,0.0,1505.0,22.0,488.0
2020-04-27,22.0,835.0,0.0,8.0,216.0,13.0,5.0,0.0,1987.0,0.0,2837.0,110.0,17.0,380.0,66.0,302.0,116.0,6.0,0.0,1691.0,6650.0,0.0,11.0,1.0,0.0,67.0,4.0,224.0,1634.0,0.0,841.0,696.0,0.0,1550.0,22.0,524.0
2020-04-28,22.0,917.0,0.0,8.0,286.0,23.0,5.0,0.0,2177.0,0.0,2992.0,110.0,17.0,375.0,66.0,299.0,122.0,6.0,0.0,1756.0,6939.0,0.0,11.0,1.0,0.0,80.0,5.0,224.0,1547.0,0.0,812.0,657.0,0.0,1589.0,18.0,568.0
2020-04-29,18.0,970.0,0.0,10.0,300.0,39.0,4.0,0.0,2182.0,0.0,3129.0,98.0,14.0,381.0,83.0,296.0,122.0,6.0,0.0,1890.0,7530.0,0.0,11.0,1.0,0.0,79.0,5.0,232.0,1545.0,0.0,865.0,657.0,0.0,1557.0,21.0,584.0
2020-04-30,18.0,1014.0,0.0,8.0,325.0,39.0,4.0,0.0,2291.0,0.0,3358.0,98.0,14.0,381.0,85.0,298.0,122.0,6.0,0.0,1971.0,7890.0,0.0,11.0,1.0,0.0,85.0,5.0,248.0,1619.0,0.0,925.0,619.0,0.0,1585.0,19.0,612.0
2020-05-01,17.0,1051.0,0.0,12.0,334.0,39.0,4.0,0.0,2362.0,0.0,3568.0,101.0,11.0,390.0,86.0,315.0,110.0,6.0,0.0,2041.0,8266.0,0.0,11.0,1.0,0.0,102.0,3.0,248.0,1690.0,0.0,1038.0,615.0,0.0,1651.0,21.0,623.0
2020-05-02,17.0,1027.0,0.0,10.0,370.0,71.0,7.0,0.0,2510.0,0.0,3750.0,129.0,9.0,384.0,88.0,316.0,101.0,5.0,0.0,2050.0,9142.0,0.0,11.0,1.0,0.0,93.0,3.0,371.0,1488.0,0.0,1186.0,572.0,0.0,1632.0,22.0,623.0
2020-05-03,17.0,1051.0,0.0,10.0,370.0,71.0,7.0,0.0,2802.0,0.0,3896.0,129.0,6.0,404.0,90.0,305.0,95.0,5.0,0.0,2071.0,9775.0,0.0,11.0,1.0,0.0,100.0,3.0,640.0,1584.0,0.0,1387.0,577.0,2.0,1755.0,20.0,738.0
2020-05-04,1.0,1062.0,0.0,10.0,374.0,75.0,21.0,0.0,3123.0,0.0,4096.0,192.0,5.0,406.0,90.0,296.0,95.0,24.0,0.0,1892.0,10311.0,0.0,11.0,1.0,0.0,105.0,3.0,964.0,1459.0,0.0,1614.0,563.0,14.0,1848.0,21.0,777.0
2020-05-05,1.0,1090.0,0.0,10.0,394.0,80.0,22.0,0.0,3403.0,0.0,4290.0,257.0,6.0,415.0,85.0,303.0,34.0,24.0,0.0,1979.0,11493.0,0.0,11.0,1.0,0.0,108.0,3.0,1089.0,1590.0,0.0,2110.0,471.0,27.0,1914.0,20.0,908.0
2020-05-06,1.0,1092.0,0.0,10.0,390.0,89.0,23.0,0.0,3572.0,0.0,4496.0,286.0,2.0,413.0,89.0,311.0,36.0,24.0,0.0,1873.0,12089.0,0.0,1.0,1.0,0.0,114.0,3.0,1293.0,1544.0,0.0,2540.0,482.0,41.0,1837.0,21.0,840.0
2020-05-07,1.0,1012.0,0.0,12.0,350.0,98.0,23.0,0.0,3925.0,0.0,4729.0,327.0,5.0,445.0,87.0,310.0,30.0,24.0,0.0,1854.0,13013.0,0.0,1.0,1.0,0.0,122.0,3.0,1354.0,1629.0,0.0,3278.0,450.0,41.0,1808.0,21.0,948.0
2020-05-08,0.0,1029.0,0.0,19.0,299.0,113.0,21.0,0.0,3983.0,0.0,4878.0,358.0,6.0,449.0,88.0,309.0,25.0,25.0,0.0,1828.0,13979.0,0.0,1.0,1.0,0.0,155.0,3.0,1467.0,1734.0,0.0,3825.0,444.0,63.0,1759.0,21.0,1033.0
2020-05-09,0.0,1004.0,0.0,24.0,269.0,128.0,21.0,1.0,4230.0,0.0,5081.0,360.0,10.0,450.0,77.0,347.0,15.0,25.0,0.0,1792.0,14862.0,0.0,1.0,1.0,0.0,206.0,3.0,1550.0,1562.0,0.0,4364.0,404.0,116.0,1761.0,16.0,1154.0
2020-05-10,0.0,999.0,0.0,27.0,264.0,143.0,16.0,1.0,4449.0,0.0,5233.0,376.0,10.0,459.0,75.0,378.0,16.0,25.0,0.0,1723.0,15649.0,0.0,2.0,0.0,0.0,229.0,3.0,1574.0,1576.0,0.0,4667.0,383.0,132.0,1800.0,20.0,1243.0
2020-05-11,0.0,1010.0,0.0,27.0,325.0,143.0,10.0,1.0,4781.0,0.0,5156.0,393.0,14.0,469.0,76.0,393.0,19.0,21.0,0.0,1723.0,17140.0,0.0,2.0,0.0,0.0,306.0,3.0,1626.0,1531.0,0.0,5198.0,416.0,148.0,1740.0,21.0,1337.0
2020-05-12,0.0,998.0,0.0,29.0,364.0,148.0,6.0,1.0,5031.0,0.0,5248.0,382.0,18.0,442.0,79.0,405.0,26.0,21.0,0.0,1817.0,17747.0,0.0,2.0,0.0,0.0,326.0,6.0,1678.0,1611.0,0.0,5898.0,445.0,150.0,1735.0,21.0,1374.0
2020-05-13,0.0,988.0,0.0,24.0,442.0,156.0,5.0,1.0,5041.0,0.0,5120.0,427.0,24.0,469.0,90.0,461.0,31.0,21.0,0.0,1901.0,18381.0,0.0,2.0,0.0,0.0,318.0,3.0,1711.0,1631.0,0.0,6523.0,464.0,152.0,1709.0,22.0,1363.0
2020-05-14,0.0,948.0,0.0,39.0,545.0,156.0,4.0,1.0,5034.0,0.0,5139.0,364.0,25.0,494.0,91.0,475.0,40.0,21.0,0.0,1937.0,19400.0,0.0,2.0,0.0,0.0,392.0,3.0,1692.0,1748.0,0.0,6987.0,393.0,139.0,1744.0,25.0,1381.0
2020-05-15,0.0,965.0,0.0,46.0,576.0,151.0,4.0,1.0,5310.0,7.0,5252.0,368.0,33.0,487.0,107.0,492.0,65.0,21.0,0.0,2018.0,20446.0,1.0,1.0,0.0,0.0,450.0,3.0,1680.0,1829.0,0.0,7368.0,430.0,127.0,1742.0,27.0,1394.0
2020-05-16,0.0,1007.0,0.0,47.0,573.0,151.0,10.0,1.0,5254.0,8.0,5290.0,368.0,34.0,489.0,113.0,540.0,80.0,21.0,0.0,2073.0,21468.0,1.0,1.0,0.0,0.0,503.0,3.0,1598.0,1925.0,0.0,7438.0,461.0,114.0,1797.0,30.0,1407.0
2020-05-17,0.0,953.0,0.0,49.0,719.0,137.0,11.0,1.0,5278.0,10.0,6055.0,360.0,32.0,567.0,101.0,560.0,88.0,21.0,0.0,2231.0,22483.0,5.0,1.0,0.0,0.0,538.0,3.0,657.0,1995.0,0.0,6973.0,504.0,103.0,1713.0,36.0,1472.0
2020-05-18,0.0,901.0,0.0,58.0,779.0,137.0,27.0,1.0,5409.0,22.0,6221.0,334.0,33.0,595.0,107.0,601.0,100.0,19.0,0.0,2326.0,24167.0,5.0,1.0,0.0,0.0,604.0,3.0,563.0,2079.0,0.0,6974.0,525.0,82.0,1714.0,39.0,1480.0
2020-05-19,0.0,872.0,0.0,64.0,888.0,139.0,34.0,1.0,5401.0,31.0,6247.0,316.0,43.0,665.0,107.0,679.0,129.0,2.0,0.0,2549.0,25372.0,5.0,1.0,0.0,0.0,652.0,8.0,396.0,2151.0,0.0,7273.0,562.0,82.0,1704.0,40.0,1575.0
2020-05-20,0.0,859.0,0.0,97.0,955.0,140.0,42.0,1.0,5636.0,39.0,6378.0,323.0,42.0,647.0,101.0,813.0,141.0,0.0,0.0,2577.0,26172.0,7.0,0.0,0.0,0.0,696.0,8.0,322.0,2365.0,0.0,7469.0,586.0,57.0,1885.0,58.0,1637.0
2020-05-21,0.0,909.0,0.0,118.0,1093.0,142.0,56.0,1.0,5720.0,43.0,6569.0,331.0,53.0,694.0,101.0,865.0,160.0,1.0,0.0,2735.0,27589.0,23.0,1.0,0.0,0.0,739.0,9.0,173.0,2464.0,0.0,7222.0,606.0,40.0,1982.0,68.0,1714.0
2020-05-22,0.0,885.0,0.0,145.0,1378.0,75.0,69.0,1.0,5898.0,45.0,6644.0,335.0,90.0,745.0,158.0,993.0,176.0,1.0,0.0,2868.0,28462.0,23.0,1.0,0.0,0.0,703.0,10.0,170.0,2591.0,0.0,7591.0,619.0,25.0,2173.0,91.0,1745.0
2020-05-23,0.0,891.0,0.0,201.0,1537.0,37.0,110.0,1.0,6214.0,38.0,6586.0,345.0,106.0,749.0,169.0,1105.0,216.0,1.0,0.0,2809.0,30482.0,24.0,1.0,0.0,0.0,746.0,16.0,143.0,2661.0,0.0,7527.0,673.0,23.0,2345.0,96.0,1846.0
2020-05-24,0.0,892.0,0.0,270.0,1716.0,43.0,150.0,2.0,6412.0,39.0,6666.0,365.0,121.0,774.0,205.0,1309.0,276.0,6.0,0.0,2823.0,32209.0,25.0,1.0,0.0,0.0,765.0,16.0,136.0,2796.0,1.0,7918.0,699.0,36.0,2456.0,186.0,1909.0
2020-05-25,0.0,911.0,0.0,319.0,1872.0,49.0,185.0,2.0,6617.0,47.0,6786.0,403.0,137.0,791.0,218.0,1393.0,322.0,9.0,0.0,2967.0,33996.0,28.0,1.0,0.0,0.0,779.0,29.0,122.0,3017.0,1.0,7842.0,711.0,26.0,2569.0,256.0,2056.0
2020-05-26,0.0,1158.0,1.0,460.0,1968.0,49.0,219.0,2.0,7006.0,48.0,6936.0,403.0,151.0,836.0,225.0,1433.0,359.0,9.0,0.0,2988.0,35186.0,35.0,1.0,0.0,3.0,782.0,29.0,122.0,3182.0,1.0,8233.0,700.0,29.0,2786.0,288.0,2124.0
2020-05-27,0.0,1105.0,1.0,550.0,2070.0,75.0,282.0,2.0,6954.0,39.0,6767.0,464.0,175.0,902.0,247.0,1491.0,415.0,10.0,0.0,3030.0,36012.0,35.0,2.0,0.0,4.0,777.0,34.0,148.0,3195.0,1.0,8259.0,650.0,42.0,2680.0,333.0,2240.0
2020-05-28,0.0,1056.0,1.0,690.0,1963.0,88.0,286.0,2.0,7690.0,31.0,6708.0,525.0,198.0,1041.0,259.0,1590.0,445.0,10.0,0.0,3021.0,37133.0,40.0,7.0,0.0,4.0,853.0,34.0,181.0,3073.0,1.0,8503.0,751.0,65.0,2818.0,386.0,2325.0
2020-05-29,0.0,1067.0,2.0,748.0,2070.0,95.0,316.0,2.0,8470.0,31.0,6599.0,604.0,201.0,1150.0,253.0,1652.0,526.0,30.0,0.0,3082.0,38948.0,50.0,8.0,0.0,18.0,766.0,37.0,172.0,3070.0,1.0,8679.0,844.0,75.0,2758.0,417.0,2573.0
2020-05-30,0.0,1150.0,2.0,895.0,2150.0,96.0,314.0,2.0,9142.0,28.0,6343.0,762.0,203.0,1261.0,290.0,1839.0,577.0,31.0,0.0,3042.0,33133.0,51.0,14.0,0.0,25.0,829.0,37.0,206.0,2937.0,1.0,8779.0,973.0,80.0,2842.0,609.0,2736.0
2020-05-31,0.0,1220.0,3.0,1018.0,1998.0,96.0,344.0,2.0,10058.0,29.0,6106.0,932.0,197.0,1405.0,302.0,1877.0,624.0,31.0,0.0,3104.0,34890.0,54.0,14.0,0.0,36.0,762.0,37.0,222.0,2685.0,1.0,9024.0,1010.0,96.0,2834.0,642.0,2851.0
2020-06-01,0.0,1268.0,3.0,1083.0,2084.0,90.0,382.0,2.0,10893.0,28.0,5822.0,1023.0,206.0,1491.0,349.0,1952.0,670.0,31.0,0.0,2897.0,36040.0,60.0,14.0,0.0,43.0,815.0,45.0,231.0,2710.0,1.0,9403.0,1188.0,140.0,2901.0,800.0,3027.0
2020-06-02,0.0,1341.0,21.0,1109.0,2002.0,91.0,424.0,2.0,11565.0,29.0,5357.0,1280.0,213.0,1624.0,358.0,2028.0,708.0,34.0,0.0,2922.0,37543.0,72.0,14.0,0.0,43.0,852.0,49.0,256.0,2742.0,1.0,10141.0,1213.0,247.0,3015.0,730.0,3141.0
2020-06-03,0.0,1413.0,21.0,1185.0,2185.0,82.0,433.0,3.0,12333.0,22.0,4631.0,1560.0,200.0,1732.0,387.0,2341.0,774.0,33.0,0.0,2835.0,38502.0,75.0,14.0,12.0,49.0,913.0,57.0,279.0,2735.0,1.0,10683.0,1273.0,295.0,3109.0,784.0,3423.0
2020-06-04,0.0,1546.0,37.0,1255.0,2288.0,82.0,478.0,7.0,13497.0,22.0,4766.0,1842.0,204.0,1816.0,426.0,2496.0,832.0,41.0,0.0,2772.0,39944.0,80.0,19.0,13.0,58.0,965.0,57.0,300.0,2699.0,2.0,11348.0,1365.0,295.0,3324.0,795.0,3583.0
2020-06-05,0.0,1613.0,41.0,1542.0,2254.0,82.0,541.0,11.0,14456.0,109.0,4762.0,1123.0,199.0,2059.0,433.0,2653.0,884.0,41.0,0.0,2748.0,41402.0,86.0,19.0,16.0,80.0,1055.0,57.0,325.0,2545.0,2.0,12134.0,1455.0,471.0,3553.0,846.0,3753.0
2020-06-06,0.0,1654.0,44.0,1651.0,2342.0,77.0,633.0,13.0,15311.0,131.0,4901.0,1439.0,199.0,2202.0,464.0,3090.0,973.0,48.0,0.0,2734.0,42224.0,91.0,19.0,21.0,94.0,996.0,63.0,344.0,2507.0,3.0,12700.0,1550.0,519.0,3828.0,860.0,4025.0
2020-06-07,0.0,1817.0,46.0,1846.0,2460.0,31.0,653.0,18.0,16229.0,202.0,5057.0,1794.0,201.0,2302.0,520.0,3186.0,1030.0,50.0,0.0,2721.0,42609.0,105.0,19.0,23.0,107.0,1057.0,63.0,373.0,2599.0,7.0,13506.0,1663.0,574.0,3828.0,869.0,4236.0
2020-06-08,0.0,1951.0,50.0,1946.0,2578.0,36.0,786.0,18.0,16229.0,235.0,5186.0,2286.0,184.0,2830.0,602.0,3259.0,1096.0,52.0,0.0,2658.0,43601.0,120.0,22.0,33.0,110.0,953.0,63.0,451.0,2718.0,7.0,14399.0,1747.0,608.0,4076.0,814.0,4488.0
2020-06-09,0.0,2031.0,50.0,2107.0,2672.0,39.0,848.0,20.0,17712.0,263.0,5309.0,2681.0,189.0,2916.0,730.0,3177.0,1175.0,50.0,0.0,2688.0,44384.0,214.0,22.0,41.0,115.0,992.0,75.0,482.0,2513.0,7.0,15416.0,1803.0,646.0,4320.0,684.0,4743.0
2020-06-10,0.0,2191.0,56.0,1848.0,2563.0,32.0,848.0,20.0,18543.0,292.0,5336.0,3030.0,191.0,2792.0,844.0,3251.0,1232.0,55.0,0.0,2700.0,44860.0,243.0,29.0,87.0,117.0,998.0,75.0,497.0,2662.0,13.0,16282.0,1963.0,671.0,4365.0,769.0,4950.0
2020-06-11,1.0,2292.0,55.0,1839.0,2606.0,36.0,854.0,26.0,19581.0,320.0,5439.0,3339.0,191.0,2785.0,889.0,3110.0,1238.0,62.0,0.0,2730.0,46086.0,248.0,30.0,92.0,106.0,959.0,74.0,518.0,2772.0,13.0,17182.0,2138.0,655.0,4418.0,716.0,5117.0
2020-06-12,5.0,2301.0,57.0,1881.0,2681.0,41.0,945.0,28.0,20871.0,350.0,5546.0,3644.0,184.0,2702.0,961.0,3196.0,1258.0,80.0,0.0,2768.0,47980.0,293.0,25.0,101.0,106.0,1023.0,88.0,569.0,2798.0,12.0,17662.0,2162.0,634.0,4451.0,786.0,5338.0
2020-06-13,5.0,2495.0,63.0,1953.0,2480.0,43.0,873.0,28.0,22212.0,394.0,5619.0,3789.0,183.0,2591.0,937.0,2997.0,1303.0,176.0,0.0,2802.0,49628.0,308.0,21.0,103.0,107.0,1014.0,88.0,641.0,2898.0,61.0,18284.0,2032.0,682.0,4642.0,756.0,5587.0
2020-06-14,5.0,2688.0,83.0,2126.0,2295.0,54.0,875.0,33.0,22742.0,453.0,5707.0,3868.0,183.0,2554.0,887.0,3095.0,1342.0,368.0,0.0,2817.0,51392.0,358.0,21.0,106.0,87.0,1119.0,92.0,671.0,2782.0,59.0,18881.0,2203.0,730.0,4858.0,685.0,5693.0
2020-06-15,5.0,2765.0,84.0,2081.0,2261.0,54.0,891.0,34.0,24032.0,490.0,5742.0,4117.0,174.0,2593.0,832.0,2959.0,1340.0,468.0,0.0,2666.0,53030.0,367.0,18.0,111.0,80.0,1190.0,98.0,717.0,2836.0,64.0,19679.0,2412.0,760.0,4948.0,684.0,5552.0
2020-06-16,8.0,3052.0,84.0,1984.0,2201.0,52.0,858.0,31.0,25002.0,507.0,5886.0,4057.0,195.0,2554.0,850.0,2989.0,1348.0,472.0,0.0,2567.0,50567.0,339.0,18.0,116.0,85.0,1190.0,102.0,753.0,2895.0,64.0,20681.0,2240.0,652.0,4948.0,632.0,5515.0
2020-06-17,11.0,3244.0,88.0,2145.0,2093.0,50.0,736.0,36.0,26351.0,544.0,5962.0,4406.0,180.0,2454.0,709.0,2980.0,1366.0,563.0,0.0,2455.0,50057.0,341.0,18.0,120.0,87.0,1178.0,111.0,838.0,3059.0,66.0,20709.0,2188.0,658.0,5064.0,701.0,5386.0
2020-06-18,11.0,3340.0,92.0,1955.0,1972.0,59.0,674.0,45.0,27741.0,560.0,6103.0,4750.0,189.0,2427.0,734.0,2828.0,1351.0,594.0,0.0,2374.0,51935.0,360.0,13.0,120.0,90.0,1280.0,129.0,881.0,2762.0,66.0,21993.0,2412.0,578.0,5259.0,743.0,5261.0
2020-06-19,11.0,3637.0,93.0,2114.0,1925.0,62.0,708.0,45.0,26669.0,596.0,6191.0,4528.0,205.0,2340.0,711.0,2847.0,1358.0,591.0,0.0,2308.0,53915.0,407.0,13.0,129.0,90.0,1357.0,155.0,962.0,2792.0,65.0,23068.0,2531.0,515.0,5477.0,690.0,5216.0
2020-06-20,10.0,3948.0,92.0,1856.0,2033.0,60.0,687.0,48.0,27512.0,607.0,6364.0,4710.0,223.0,2411.0,622.0,2947.0,1380.0,648.0,0.0,2339.0,55665.0,463.0,10.0,129.0,73.0,1369.0,161.0,1104.0,2826.0,65.0,23512.0,2975.0,520.0,5659.0,718.0,5258.0
2020-06-21,11.0,4240.0,121.0,1856.0,1952.0,82.0,636.0,42.0,23340.0,625.0,6348.0,4946.0,235.0,2417.0,619.0,3174.0,1450.0,718.0,0.0,2343.0,58068.0,545.0,10.0,131.0,63.0,1310.0,161.0,1176.0,2925.0,45.0,24825.0,3363.0,505.0,6092.0,824.0,5126.0
2020-06-22,11.0,4562.0,120.0,2019.0,1979.0,84.0,817.0,62.0,24558.0,625.0,6248.0,4918.0,240.0,2492.0,656.0,3395.0,1490.0,702.0,0.0,2373.0,60161.0,591.0,10.0,132.0,70.0,1426.0,218.0,1275.0,2984.0,53.0,25866.0,3861.0,461.0,6186.0,817.0,5093.0
2020-06-23,11.0,4766.0,118.0,2056.0,1989.0,83.0,778.0,64.0,23820.0,711.0,6232.0,4940.0,282.0,2472.0,657.0,3527.0,1540.0,710.0,0.0,2342.0,61807.0,648.0,6.0,132.0,139.0,1425.0,226.0,1309.0,2966.0,49.0,27181.0,4452.0,454.0,6152.0,853.0,5102.0
2020-06-24,10.0,5284.0,126.0,2060.0,1993.0,90.0,797.0,91.0,24988.0,703.0,6148.0,4844.0,324.0,2507.0,654.0,3567.0,1620.0,783.0,0.0,2401.0,62848.0,663.0,8.0,133.0,189.0,1465.0,228.0,1245.0,3049.0,50.0,28431.0,5109.0,451.0,6189.0,903.0,4930.0
2020-06-25,13.0,5428.0,120.0,2231.0,2039.0,91.0,780.0,90.0,26588.0,660.0,6120.0,4897.0,332.0,2516.0,626.0,3803.0,1693.0,666.0,0.0,2441.0,62369.0,642.0,3.0,123.0,199.0,1612.0,276.0,1415.0,3023.0,45.0,28839.0,5858.0,361.0,6375.0,867.0,4880.0
2020-06-26,16.0,5760.0,121.0,2279.0,1975.0,88.0,685.0,123.0,26586.0,658.0,6269.0,4885.0,353.0,2492.0,645.0,3720.0,1761.0,582.0,0.0,2435.0,63357.0,702.0,3.0,115.0,195.0,1654.0,306.0,1457.0,3077.0,46.0,30067.0,6446.0,270.0,6463.0,897.0,4852.0
2020-06-27,29.0,6145.0,129.0,2339.0,1896.0,84.0,618.0,122.0,27657.0,667.0,6294.0,4657.0,353.0,2591.0,635.0,3909.0,1846.0,587.0,0.0,2448.0,65844.0,682.0,4.0,115.0,209.0,1741.0,306.0,1634.0,3218.0,47.0,32308.0,7346.0,269.0,6730.0,866.0,5039.0
2020-06-28,29.0,6648.0,122.0,2307.0,2029.0,87.0,618.0,122.0,28329.0,706.0,6511.0,4737.0,376.0,2648.0,603.0,4445.0,1939.0,405.0,0.0,2444.0,67615.0,660.0,4.0,93.0,223.0,1726.0,388.0,1608.0,3186.0,41.0,33216.0,8265.0,262.0,6685.0,842.0,5293.0
2020-06-29,31.0,7164.0,121.0,2108.0,2034.0,87.0,558.0,118.0,27847.0,717.0,6712.0,4689.0,378.0,2683.0,559.0,5476.0,2015.0,376.0,0.0,2545.0,70622.0,730.0,4.0,93.0,251.0,1850.0,388.0,1557.0,3261.0,39.0,35659.0,9000.0,266.0,6679.0,767.0,5451.0
2020-06-30,44.0,7479.0,125.0,2408.0,2188.0,80.0,575.0,126.0,26246.0,717.0,6871.0,4476.0,377.0,2557.0,566.0,6386.0,2015.0,347.0,0.0,2607.0,73313.0,733.0,4.0,93.0,266.0,1890.0,388.0,1516.0,3637.0,38.0,37334.0,9559.0,294.0,6650.0,681.0,5535.0
2020-07-01,47.0,7897.0,128.0,2568.0,2289.0,70.0,597.0,131.0,26270.0,716.0,7049.0,4340.0,363.0,2674.0,591.0,7078.0,2112.0,324.0,0.0,2626.0,75995.0,681.0,9.0,38.0,291.0,1851.0,430.0,1557.0,3381.0,37.0,38892.0,8785.0,301.0,6711.0,609.0,5761.0
2020-07-02,50.0,8071.0,128.0,2719.0,2233.0,73.0,623.0,129.0,27007.0,713.0,7335.0,4202.0,355.0,2734.0,575.0,8198.0,2130.0,295.0,0.0,2625.0,79091.0,681.0,9.0,37.0,291.0,1938.0,430.0,1652.0,3317.0,48.0,39859.0,9008.0,302.0,6709.0,589.0,5959.0
2020-07-03,58.0,8586.0,128.0,2895.0,2374.0,55.0,614.0,141.0,26304.0,744.0,7434.0,4239.0,376.0,2760.0,586.0,9410.0,2088.0,259.0,0.0,2702.0,77276.0,662.0,13.0,36.0,319.0,2016.0,459.0,1488.0,3284.0,49.0,41050.0,9226.0,288.0,6869.0,537.0,6083.0
2020-07-04,62.0,9096.0,176.0,3310.0,2660.0,58.0,614.0,161.0,26148.0,744.0,7763.0,4057.0,356.0,2825.0,679.0,10612.0,2098.0,223.0,0.0,2655.0,79927.0,677.0,18.0,36.0,311.0,2372.0,459.0,1514.0,3331.0,49.0,42958.0,9984.0,325.0,7451.0,525.0,6200.0
2020-07-05,53.0,9473.0,182.0,3997.0,2925.0,59.0,598.0,175.0,25940.0,853.0,7981.0,4031.0,331.0,2976.0,687.0,11970.0,2131.0,178.0,0.0,2772.0,83311.0,658.0,18.0,34.0,335.0,2633.0,459.0,1641.0,3445.0,45.0,44959.0,10487.0,343.0,7627.0,549.0,6329.0
2020-07-06,53.0,10043.0,190.0,4249.0,3016.0,65.0,592.0,165.0,25038.0,818.0,8202.0,3796.0,315.0,3042.0,717.0,13255.0,2230.0,178.0,0.0,2911.0,86057.0,678.0,18.0,56.0,359.0,2810.0,459.0,1711.0,3780.0,62.0,46863.0,10904.0,365.0,8161.0,558.0,6658.0
2020-07-07,67.0,10860.0,176.0,4264.0,3031.0,82.0,624.0,183.0,25620.0,745.0,8497.0,3893.0,303.0,3219.0,759.0,14389.0,2254.0,168.0,0.0,3088.0,87699.0,656.0,36.0,64.0,382.0,3002.0,459.0,1828.0,3949.0,60.0,46836.0,10646.0,460.0,8718.0,533.0,6973.0
2020-07-08,72.0,11200.0,169.0,4179.0,3182.0,86.0,650.0,222.0,25449.0,739.0,8853.0,4075.0,282.0,3389.0,870.0,15301.0,2415.0,204.0,0.0,3237.0,89313.0,659.0,36.0,64.0,382.0,3352.0,482.0,2020.0,4357.0,55.0,45842.0,11012.0,455.0,9514.0,566.0,7243.0
2020-07-09,72.0,10894.0,176.0,4591.0,3528.0,104.0,676.0,224.0,23452.0,824.0,9051.0,4302.0,257.0,3545.0,904.0,16531.0,2609.0,204.0,0.0,3420.0,91084.0,642.0,36.0,64.0,353.0,3570.0,514.0,1901.0,4715.0,62.0,46483.0,11933.0,436.0,9980.0,562.0,7705.0
2020-07-10,68.0,11383.0,180.0,5284.0,4013.0,113.0,757.0,222.0,21567.0,869.0,9468.0,4572.0,283.0,3652.0,1015.0,17786.0,2799.0,139.0,0.0,3475.0,93673.0,651.0,45.0,64.0,369.0,3742.0,553.0,2012.0,5002.0,62.0,46655.0,12423.0,437.0,10373.0,587.0,8231.0
2020-07-11,64.0,11936.0,213.0,5426.0,4347.0,124.0,722.0,248.0,21146.0,895.0,9900.0,4740.0,277.0,3943.0,1172.0,19039.0,3103.0,146.0,0.0,3538.0,95943.0,750.0,139.0,83.0,428.0,3928.0,618.0,2153.0,5057.0,54.0,46108.0,12680.0,545.0,11024.0,621.0,8881.0
2020-07-12,70.0,12533.0,214.0,6351.0,4557.0,135.0,810.0,245.0,19895.0,928.0,10260.0,4891.0,263.0,4092.0,1347.0,20887.0,3446.0,148.0,0.0,3878.0,99499.0,750.0,139.0,77.0,435.0,4105.0,629.0,2352.0,5376.0,71.0,46413.0,12135.0,572.0,11490.0,653.0,9588.0
2020-07-13,70.0,13428.0,219.0,5610.0,5001.0,134.0,887.0,234.0,19155.0,952.0,10613.0,4956.0,273.0,4355.0,1418.0,22750.0,3747.0,157.0,0.0,4103.0,103813.0,713.0,238.0,81.0,447.0,4307.0,661.0,2230.0,5779.0,72.0,46972.0,11833.0,631.0,12208.0,704.0,10500.0
2020-07-14,57.0,14274.0,240.0,5876.0,5482.0,157.0,996.0,226.0,19017.0,1026.0,10897.0,4984.0,292.0,4545.0,1514.0,24576.0,4032.0,146.0,0.0,4336.0,105935.0,656.0,250.0,82.0,505.0,4412.0,665.0,2388.0,5781.0,106.0,48199.0,12177.0,603.0,12972.0,703.0,11279.0
2020-07-15,57.0,15144.0,306.0,6351.0,6261.0,144.0,1084.0,209.0,18664.0,1128.0,11065.0,5226.0,347.0,4755.0,1628.0,25845.0,4458.0,146.0,0.0,4757.0,107963.0,702.0,250.0,79.0,550.0,4342.0,684.0,2635.0,5885.0,122.0,47915.0,12530.0,630.0,13758.0,769.0,11927.0
2020-07-16,46.0,16621.0,306.0,6447.0,6970.0,155.0,1195.0,180.0,17807.0,1259.0,11187.0,5320.0,351.0,5123.0,1797.0,27859.0,4884.0,177.0,0.0,5053.0,112099.0,711.0,278.0,79.0,554.0,4345.0,686.0,2711.0,6405.0,133.0,47343.0,12957.0,661.0,14628.0,787.0,12747.0
2020-07-17,47.0,18159.0,387.0,6818.0,7549.0,164.0,1260.0,179.0,17407.0,1272.0,11289.0,5495.0,382.0,5488.0,2069.0,30661.0,5376.0,176.0,0.0,5562.0,114947.0,635.0,309.0,112.0,525.0,4436.0,774.0,2587.0,6666.0,155.0,46717.0,13327.0,676.0,15720.0,937.0,13679.0
2020-07-18,52.0,19814.0,431.0,6490.0,8767.0,169.0,1429.0,182.0,17235.0,1337.0,11351.0,5752.0,382.0,5968.0,2305.0,33211.0,6033.0,177.0,0.0,5870.0,120780.0,637.0,335.0,122.0,551.0,4697.0,793.0,2830.0,6617.0,176.0,47785.0,13388.0,679.0,16445.0,1030.0,14709.0
2020-07-19,53.0,22260.0,373.0,7700.0,9392.0,203.0,1551.0,186.0,16711.0,1425.0,11233.0,5885.0,410.0,5797.0,2685.0,36637.0,6420.0,173.0,0.0,6193.0,123678.0,709.0,350.0,117.0,546.0,4678.0,800.0,3092.0,6803.0,185.0,49455.0,12764.0,914.0,17264.0,1143.0,15594.0
2020-07-20,58.0,26118.0,455.0,7919.0,10044.0,217.0,1608.0,189.0,16031.0,1417.0,11312.0,6022.0,413.0,5844.0,2770.0,39376.0,7067.0,173.0,0.0,6568.0,129032.0,698.0,382.0,117.0,543.0,4893.0,817.0,3311.0,7145.0,191.0,50297.0,12223.0,1114.0,18256.0,1347.0,16492.0
2020-07-21,55.0,28800.0,502.0,8229.0,9996.0,207.0,1592.0,234.0,15166.0,1469.0,11513.0,6277.0,553.0,6122.0,2893.0,42222.0,7615.0,186.0,0.0,6888.0,131636.0,618.0,396.0,129.0,537.0,5103.0,798.0,3130.0,7627.0,213.0,51351.0,11529.0,1227.0,19137.0,1375.0,17204.0
2020-07-22,53.0,32336.0,552.0,7291.0,10220.0,221.0,1586.0,240.0,15288.0,1552.0,11760.0,6146.0,576.0,6540.0,3200.0,44146.0,8060.0,186.0,0.0,7082.0,132538.0,615.0,416.0,149.0,545.0,5344.0,831.0,3237.0,8052.0,222.0,51347.0,9891.0,1397.0,20204.0,1497.0,17813.0
2020-07-23,58.0,31763.0,632.0,8675.0,10506.0,254.0,1709.0,257.0,14954.0,1607.0,11915.0,6117.0,609.0,6831.0,3397.0,47075.0,8825.0,186.0,0.0,7236.0,137282.0,632.0,433.0,138.0,598.0,5977.0,900.0,3391.0,8387.0,326.0,51765.0,11155.0,1408.0,20825.0,1894.0,18450.0
2020-07-24,70.0,34272.0,654.0,8022.0,10994.0,256.0,1847.0,279.0,14554.0,1666.0,12247.0,6348.0,687.0,7438.0,3734.0,49937.0,9466.0,183.0,0.0,7335.0,140395.0,649.0,452.0,149.0,644.0,6592.0,986.0,3721.0,8811.0,338.0,52939.0,11052.0,1574.0,21012.0,1986.0,18846.0
2020-07-25,85.0,39990.0,661.0,8084.0,11363.0,275.0,2128.0,301.0,13681.0,1646.0,12418.0,6420.0,798.0,7269.0,4116.0,52799.0,9379.0,209.0,0.0,7553.0,144018.0,655.0,496.0,178.0,701.0,7372.0,997.0,3838.0,9029.0,335.0,53132.0,11677.0,1617.0,21711.0,1986.0,19154.0
2020-07-26,114.0,44431.0,695.0,7954.0,12317.0,284.0,2365.0,328.0,12657.0,1606.0,12695.0,6495.0,865.0,7483.0,4329.0,55396.0,9428.0,216.0,0.0,7639.0,145785.0,652.0,547.0,178.0,744.0,7954.0,1055.0,4096.0,9379.0,357.0,52273.0,11677.0,1642.0,22452.0,2403.0,19391.0
2020-07-27,142.0,48956.0,650.0,8109.0,13117.0,302.0,2463.0,362.0,11904.0,1549.0,13131.0,6556.0,966.0,7680.0,4486.0,58425.0,9664.0,218.0,0.0,7857.0,148905.0,681.0,562.0,168.0,786.0,8456.0,1101.0,4102.0,9935.0,397.0,53703.0,12264.0,1526.0,23921.0,2475.0,19595.0
2020-07-28,145.0,51701.0,662.0,8088.0,13461.0,321.0,2529.0,380.0,10994.0,1673.0,13146.0,6684.0,1040.0,7667.0,4824.0,61827.0,9619.0,236.0,0.0,7978.0,147896.0,690.0,547.0,191.0,811.0,9371.0,1109.0,4387.0,10124.0,380.0,54896.0,13753.0,1565.0,26204.0,2587.0,19502.0
2020-07-29,166.0,56527.0,710.0,8241.0,14718.0,321.0,2772.0,384.0,10887.0,1656.0,13198.0,6712.0,1082.0,7661.0,5121.0,64442.0,10103.0,254.0,0.0,8044.0,144998.0,705.0,580.0,186.0,878.0,9892.0,1182.0,4290.0,10668.0,392.0,57073.0,13753.0,1627.0,27934.0,2797.0,19493.0
2020-07-30,225.0,63771.0,730.0,8371.0,15482.0,353.0,2855.0,376.0,10770.0,1666.0,13535.0,6798.0,1057.0,7749.0,5728.0,67456.0,10364.0,261.0,0.0,8357.0,146433.0,819.0,572.0,183.0,913.0,10077.0,1256.0,4372.0,10745.0,397.0,57490.0,14663.0,1786.0,29997.0,2983.0,19652.0
2020-07-31,266.0,69252.0,654.0,9233.0,16845.0,355.0,2789.0,394.0,10743.0,1657.0,13793.0,6497.0,1105.0,7662.0,5888.0,69708.0,10074.0,277.0,0.0,8454.0,148454.0,829.0,588.0,174.0,936.0,10463.0,1292.0,4577.0,11097.0,395.0,57962.0,15640.0,1723.0,32649.0,2993.0,19900.0
2020-08-01,329.0,75720.0,670.0,9814.0,17579.0,369.0,2803.0,412.0,10705.0,1657.0,14090.0,6317.0,1091.0,7765.0,6538.0,72013.0,10517.0,302.0,0.0,8668.0,150966.0,927.0,603.0,165.0,1053.0,11182.0,1323.0,4999.0,11589.0,407.0,57968.0,16796.0,1630.0,34968.0,2935.0,20233.0
2020-08-02,403.0,72188.0,701.0,10183.0,18937.0,378.0,2720.0,418.0,10596.0,1707.0,14300.0,6250.0,1118.0,7713.0,7060.0,73227.0,10886.0,347.0,0.0,8769.0,149520.0,1051.0,599.0,215.0,1186.0,12018.0,1357.0,5583.0,11979.0,380.0,56738.0,17754.0,1747.0,36037.0,3034.0,20631.0
2020-08-03,484.0,74404.0,699.0,10415.0,20306.0,400.0,2482.0,416.0,10356.0,1809.0,14572.0,6396.0,1130.0,7893.0,7723.0,74598.0,11366.0,351.0,0.0,9099.0,148843.0,1087.0,605.0,224.0,1282.0,12761.0,1445.0,5964.0,12391.0,368.0,56998.0,18547.0,1742.0,38023.0,3070.0,21108.0
2020-08-04,557.0,76377.0,692.0,11738.0,20770.0,434.0,2462.0,412.0,10207.0,1884.0,14599.0,6263.0,1146.0,7567.0,8561.0,74477.0,11511.0,369.0,0.0,9286.0,147324.0,1147.0,633.0,235.0,1467.0,13016.0,1515.0,6203.0,12802.0,390.0,56698.0,18708.0,1802.0,40191.0,3172.0,21683.0
2020-08-05,639.0,79104.0,682.0,13625.0,21093.0,471.0,2520.0,404.0,9897.0,1901.0,14690.0,6122.0,1155.0,7123.0,8648.0,73854.0,11570.0,400.0,0.0,8756.0,142458.0,1197.0,582.0,222.0,1741.0,12982.0,1552.0,6062.0,13115.0,483.0,55152.0,19568.0,1873.0,41222.0,3066.0,22315.0
2020-08-06,687.0,80426.0,642.0,14432.0,22001.0,535.0,2465.0,404.0,10072.0,2072.0,14680.0,6133.0,1140.0,7285.0,9049.0,73966.0,11524.0,421.0,0.0,8741.0,146268.0,1224.0,594.0,251.0,1807.0,13055.0,1700.0,6422.0,12678.0,496.0,54184.0,20358.0,1901.0,41973.0,2923.0,22992.0
2020-08-07,752.0,82166.0,700.0,15467.0,23888.0,530.0,2767.0,416.0,10348.0,2095.0,14766.0,6205.0,1168.0,7310.0,9017.0,75076.0,12019.0,411.0,0.0,8716.0,146612.0,1304.0,640.0,251.0,1755.0,13594.0,1743.0,6715.0,13108.0,475.0,53486.0,21417.0,1957.0,43654.0,3027.0,23829.0
2020-08-08,778.0,84654.0,720.0,16555.0,26453.0,531.0,3002.0,421.0,10409.0,2282.0,14443.0,6143.0,1182.0,7260.0,8923.0,77694.0,12451.0,411.0,0.0,8715.0,145889.0,1530.0,590.0,277.0,1826.0,13605.0,1873.0,7351.0,13195.0,447.0,52759.0,22568.0,1878.0,44563.0,3058.0,24652.0
2020-08-09,831.0,85486.0,684.0,16983.0,26669.0,530.0,3072.0,417.0,10667.0,2332.0,14386.0,6338.0,1169.0,7264.0,8816.0,79773.0,12152.0,416.0,0.0,8827.0,147355.0,1697.0,594.0,297.0,1785.0,13692.0,1989.0,7486.0,13387.0,389.0,53481.0,22869.0,1929.0,46177.0,3322.0,25486.0
2020-08-10,822.0,87112.0,670.0,16367.0,27906.0,586.0,3243.0,441.0,10729.0,2642.0,14147.0,6371.0,1175.0,7422.0,9123.0,80981.0,12391.0,457.0,0.0,9009.0,145865.0,1698.0,566.0,322.0,1869.0,13870.0,2094.0,7998.0,13473.0,371.0,53336.0,22528.0,1723.0,47890.0,3373.0,26375.0
2020-08-11,896.0,87773.0,636.0,18000.0,28065.0,566.0,3336.0,444.0,10346.0,2741.0,14055.0,6448.0,1241.0,7514.0,8811.0,79916.0,12784.0,471.0,0.0,9202.0,148042.0,1720.0,610.0,300.0,2030.0,14148.0,2180.0,8550.0,13810.0,399.0,53099.0,22628.0,1673.0,47878.0,3586.0,26031.0
2020-08-12,994.0,87597.0,690.0,19178.0,29291.0,629.0,3586.0,442.0,10868.0,2878.0,14024.0,6645.0,1206.0,7462.0,8658.0,79614.0,12770.0,506.0,0.0,9105.0,148860.0,1801.0,621.0,325.0,2032.0,13694.0,2277.0,8463.0,13677.0,378.0,52810.0,22596.0,1601.0,48998.0,3826.0,25846.0
2020-08-13,1050.0,90425.0,768.0,21629.0,30119.0,702.0,3881.0,446.0,10946.0,3194.0,14184.0,6827.0,1256.0,7392.0,8731.0,80351.0,13096.0,528.0,0.0,9317.0,147820.0,1739.0,656.0,319.0,1997.0,13888.0,2609.0,9022.0,13630.0,379.0,52929.0,22736.0,1647.0,49347.0,4059.0,26003.0
2020-08-14,1091.0,90780.0,790.0,22243.0,31483.0,739.0,4165.0,458.0,10975.0,3491.0,14210.0,6820.0,1362.0,7138.0,7828.0,78345.0,13891.0,558.0,0.0,9718.0,150105.0,1804.0,640.0,306.0,2021.0,14438.0,2750.0,9391.0,14762.0,349.0,53499.0,23438.0,1706.0,49709.0,4145.0,26447.0
2020-08-15,1130.0,89907.0,852.0,22633.0,32636.0,809.0,4494.0,464.0,11366.0,3720.0,14196.0,6748.0,1304.0,7027.0,7856.0,79209.0,14146.0,567.0,0.0,9928.0,151865.0,1825.0,641.0,309.0,2116.0,15100.0,2880.0,9954.0,13949.0,456.0,53716.0,23379.0,1796.0,50426.0,3966.0,26850.0
2020-08-16,1154.0,88138.0,882.0,22090.0,32591.0,863.0,4807.0,457.0,11489.0,3753.0,14241.0,6943.0,1342.0,6818.0,8137.0,81284.0,14944.0,592.0,0.0,9986.0,156719.0,1939.0,690.0,421.0,2011.0,16066.0,3024.0,10407.0,13863.0,486.0,54213.0,22542.0,1855.0,51437.0,4041.0,27219.0
2020-08-17,1145.0,85945.0,888.0,21471.0,31059.0,936.0,5095.0,445.0,10823.0,3760.0,14383.0,7014.0,1417.0,6985.0,8112.0,81528.0,15365.0,578.0,0.0,10312.0,158705.0,1921.0,693.0,418.0,1964.0,17430.0,3179.0,10963.0,13816.0,493.0,54019.0,21420.0,1859.0,51537.0,3923.0,27299.0
2020-08-18,1091.0,84777.0,843.0,22736.0,29387.0,1003.0,5277.0,447.0,10852.0,3825.0,14315.0,6880.0,1321.0,7048.0,8451.0,80659.0,15946.0,584.0,0.0,10232.0,155579.0,1936.0,733.0,417.0,1917.0,18161.0,3288.0,11653.0,14089.0,485.0,54122.0,21024.0,1943.0,50893.0,3850.0,27402.0
2020-08-19,1078.0,85130.0,921.0,23704.0,28692.0,1032.0,5828.0,425.0,11068.0,3861.0,14279.0,7081.0,1293.0,6879.0,8708.0,79798.0,16333.0,598.0,0.0,10521.0,156920.0,1958.0,766.0,481.0,1848.0,18856.0,3364.0,11740.0,14119.0,450.0,53860.0,20990.0,2083.0,50242.0,4073.0,27535.0
2020-08-20,1045.0,86725.0,923.0,23756.0,27546.0,1014.0,6139.0,389.0,11137.0,3838.0,14282.0,7307.0,1400.0,6965.0,9638.0,81113.0,17442.0,633.0,0.0,10717.0,160728.0,1973.0,806.0,489.0,1844.0,19814.0,3309.0,12460.0,14416.0,440.0,53155.0,21509.0,2205.0,49645.0,3915.0,27678.0
2020-08-21,1011.0,87177.0,968.0,22711.0,26789.0,1094.0,6594.0,401.0,11271.0,3910.0,14308.0,7555.0,1430.0,6914.0,9410.0,82165.0,18184.0,623.0,0.0,10782.0,162806.0,1905.0,925.0,493.0,1654.0,21063.0,3521.0,13830.0,14508.0,460.0,53283.0,21687.0,2373.0,48511.0,4016.0,27696.0
2020-08-22,971.0,87803.0,996.0,22085.0,25363.0,1172.0,7308.0,428.0,11426.0,3809.0,14177.0,8131.0,1469.0,6973.0,9527.0,83082.0,18736.0,665.0,0.0,10928.0,164879.0,1768.0,963.0,483.0,1537.0,21824.0,3517.0,14443.0,14525.0,499.0,53413.0,22386.0,2240.0,47785.0,4215.0,27804.0
2020-08-23,923.0,89389.0,990.0,21593.0,24168.0,1272.0,7495.0,416.0,11594.0,3631.0,14399.0,8680.0,1525.0,6975.0,9756.0,82693.0,19601.0,720.0,0.0,11261.0,169833.0,1655.0,1035.0,494.0,1460.0,22861.0,3654.0,15305.0,14176.0,507.0,53710.0,22908.0,2448.0,48291.0,4350.0,27900.0
2020-08-24,864.0,89742.0,961.0,19598.0,23111.0,1389.0,7790.0,406.0,11778.0,3383.0,14517.0,8961.0,1511.0,7198.0,9736.0,83567.0,20394.0,765.0,0.0,11510.0,171859.0,1608.0,1133.0,459.0,1383.0,23715.0,3706.0,14165.0,14330.0,529.0,53541.0,22919.0,2488.0,49242.0,4444.0,28069.0
2020-08-25,777.0,89516.0,880.0,19277.0,21392.0,1352.0,8424.0,393.0,11626.0,3081.0,14552.0,9442.0,1488.0,7246.0,9805.0,81230.0,20387.0,790.0,0.0,11944.0,168443.0,1626.0,1179.0,492.0,1309.0,24135.0,3753.0,13798.0,14388.0,509.0,53282.0,23737.0,2703.0,49288.0,4410.0,27694.0
2020-08-26,677.0,89932.0,899.0,19518.0,19716.0,1456.0,9388.0,381.0,11998.0,3149.0,14641.0,9489.0,1376.0,7544.0,10238.0,82429.0,21296.0,847.0,0.0,12225.0,166239.0,1608.0,1178.0,503.0,1132.0,24333.0,3981.0,14254.0,14219.0,418.0,52128.0,25685.0,2866.0,49575.0,4600.0,27349.0
2020-08-27,635.0,92208.0,987.0,19535.0,19823.0,1539.0,10174.0,364.0,12520.0,3351.0,14767.0,9758.0,1479.0,7630.0,10335.0,83627.0,22408.0,846.0,0.0,12336.0,173195.0,1731.0,1168.0,494.0,1158.0,24348.0,4264.0,14640.0,14099.0,407.0,52362.0,27600.0,3126.0,51317.0,4806.0,26954.0
2020-08-28,602.0,94209.0,1007.0,19222.0,19067.0,1544.0,11136.0,348.0,13208.0,3445.0,14742.0,9962.0,1460.0,7743.0,11096.0,85006.0,22737.0,825.0,0.0,12422.0,178561.0,1743.0,1222.0,474.0,1040.0,25215.0,4483.0,15608.0,14425.0,388.0,52364.0,28941.0,3486.0,52309.0,5274.0,26709.0
2020-08-29,564.0,96191.0,1031.0,20011.0,18047.0,1572.0,11873.0,328.0,13550.0,3535.0,14951.0,10225.0,1455.0,7781.0,11090.0,86366.0,23176.0,798.0,0.0,12714.0,181050.0,1759.0,1272.0,494.0,946.0,26386.0,4745.0,15063.0,14320.0,389.0,52506.0,30008.0,3726.0,52651.0,5502.0,26349.0
2020-08-30,518.0,97681.0,1118.0,20995.0,17670.0,1692.0,12666.0,306.0,14040.0,3646.0,15109.0,10606.0,1439.0,7672.0,11357.0,86465.0,23342.0,826.0,0.0,13117.0,185467.0,1746.0,1238.0,424.0,925.0,26736.0,4834.0,15409.0,14776.0,404.0,52726.0,31284.0,3977.0,53360.0,5735.0,25996.0
2020-08-31,473.0,99129.0,1205.0,21551.0,17333.0,1807.0,13520.0,296.0,14793.0,3635.0,15272.0,10980.0,1460.0,7959.0,11577.0,88110.0,23719.0,847.0,0.0,13592.0,193889.0,1845.0,1284.0,422.0,887.0,27219.0,4938.0,15375.0,14091.0,404.0,52721.0,31299.0,4108.0,54666.0,5912.0,25657.0
2020-09-01,439.0,100276.0,1220.0,23273.0,16335.0,1859.0,14237.0,284.0,14626.0,3649.0,15524.0,11371.0,1563.0,7980.0,14096.0,87254.0,23553.0,773.0,0.0,13914.0,194399.0,1894.0,1196.0,420.0,874.0,25758.0,4849.0,15512.0,13825.0,424.0,52578.0,31699.0,4366.0,54788.0,5908.0,25280.0
2020-09-02,400.0,101210.0,1226.0,24514.0,16168.0,1942.0,15533.0,262.0,15870.0,3962.0,15708.0,11885.0,1527.0,8022.0,15256.0,91018.0,22578.0,720.0,0.0,14072.0,198866.0,1903.0,1193.0,408.0,793.0,25288.0,4851.0,15849.0,13970.0,429.0,52379.0,32341.0,4737.0,55538.0,6042.0,24822.0
2020-09-03,381.0,103076.0,1278.0,26227.0,17001.0,2060.0,17164.0,292.0,16502.0,4379.0,15913.0,12622.0,1613.0,8053.0,14677.0,94478.0,21989.0,743.0,0.0,14337.0,202048.0,1871.0,1186.0,359.0,785.0,25193.0,4936.0,15629.0,12919.0,431.0,52380.0,32537.0,5133.0,56459.0,6442.0,24445.0
2020-09-04,352.0,103521.0,1400.0,27303.0,17319.0,2119.0,18702.0,294.0,17692.0,4782.0,16096.0,13470.0,1708.0,8441.0,15150.0,96117.0,21582.0,766.0,0.0,14888.0,205774.0,1803.0,1220.0,369.0,733.0,25538.0,5042.0,15554.0,13912.0,430.0,52070.0,32994.0,5475.0,57598.0,6871.0,24039.0
2020-09-05,345.0,102067.0,1488.0,28159.0,17032.0,2095.0,20672.0,285.0,18842.0,4896.0,16184.0,14053.0,1815.0,8800.0,15549.0,99120.0,21334.0,815.0,0.0,15474.0,211325.0,1765.0,1252.0,363.0,736.0,25816.0,5210.0,15731.0,14790.0,509.0,51633.0,32915.0,5888.0,58595.0,7188.0,23654.0
2020-09-06,338.0,100880.0,1525.0,28507.0,16594.0,2143.0,22320.0,301.0,19870.0,4945.0,16334.0,14911.0,1978.0,9547.0,15005.0,99636.0,21867.0,834.0,0.0,15688.0,221012.0,1872.0,1374.0,344.0,726.0,25909.0,5161.0,15870.0,14996.0,549.0,51583.0,32553.0,6220.0,59963.0,7575.0,23390.0
2020-09-07,331.0,99689.0,1520.0,28273.0,16426.0,2253.0,23685.0,302.0,20909.0,4754.0,16443.0,15692.0,2176.0,10446.0,14410.0,99285.0,22743.0,850.0,0.0,16115.0,236208.0,1820.0,1433.0,380.0,657.0,27121.0,5086.0,16156.0,14958.0,534.0,51458.0,31635.0,6311.0,61625.0,7640.0,23218.0
2020-09-08,312.0,97932.0,1576.0,28798.0,16121.0,2187.0,24708.0,297.0,20543.0,4501.0,16482.0,16333.0,2234.0,11009.0,14588.0,97020.0,22133.0,818.0,0.0,16961.0,237292.0,1710.0,1457.0,379.0,525.0,27938.0,4856.0,16640.0,14958.0,538.0,51215.0,31670.0,6641.0,62144.0,7965.0,23216.0
2020-09-09,307.0,96769.0,1670.0,29206.0,15346.0,2334.0,26915.0,294.0,22377.0,4499.0,16319.0,16890.0,2326.0,11859.0,15438.0,96937.0,23280.0,856.0,0.0,17205.0,243809.0,1683.0,1343.0,378.0,496.0,28628.0,4831.0,16230.0,15090.0,538.0,50213.0,31654.0,6903.0,63256.0,8261.0,23254.0
2020-09-10,297.0,97271.0,1630.0,29166.0,15626.0,2484.0,28041.0,295.0,23773.0,4833.0,16296.0,17328.0,2487.0,12839.0,15726.0,99489.0,24616.0,778.0,0.0,17702.0,253100.0,1774.0,1355.0,442.0,578.0,29255.0,4770.0,17065.0,15108.0,553.0,49203.0,32106.0,7086.0,64028.0,8577.0,23341.0
2020-09-11,293.0,97338.0,1658.0,29690.0,15239.0,2573.0,29332.0,294.0,25416.0,5030.0,16198.0,18332.0,2723.0,14074.0,15447.0,101556.0,26292.0,775.0,0.0,18433.0,261798.0,1633.0,1434.0,583.0,834.0,30529.0,4794.0,18088.0,15702.0,532.0,48482.0,32195.0,7383.0,66317.0,9106.0,23377.0
2020-09-12,286.0,96191.0,1689.0,29580.0,15190.0,2606.0,31001.0,280.0,26907.0,5104.0,16286.0,18875.0,2874.0,15169.0,15180.0,98345.0,27944.0,803.0,0.0,18992.0,271934.0,1533.0,1534.0,589.0,1134.0,30450.0,4878.0,19096.0,15859.0,532.0,47918.0,32005.0,7365.0,67321.0,9405.0,23461.0
2020-09-13,268.0,95733.0,1712.0,29133.0,14396.0,2586.0,33246.0,279.0,28059.0,5323.0,16301.0,19446.0,3194.0,16261.0,14844.0,97834.0,28870.0,841.0,0.0,19840.0,280138.0,1584.0,1570.0,591.0,1215.0,30999.0,4847.0,19384.0,16582.0,541.0,47110.0,31607.0,7584.0,67955.0,9781.0,23521.0
2020-09-14,252.0,95072.0,1732.0,28161.0,14113.0,2728.0,31505.0,255.0,28812.0,5173.0,16407.0,20079.0,3364.0,17481.0,14336.0,99222.0,30140.0,869.0,0.0,20487.0,290716.0,1638.0,1623.0,598.0,1172.0,31539.0,4878.0,19787.0,16654.0,567.0,47012.0,30532.0,7429.0,68122.0,10519.0,23624.0
2020-09-15,227.0,93204.0,1756.0,28630.0,13975.0,2847.0,33645.0,248.0,28641.0,4946.0,16469.0,20417.0,3659.0,18049.0,14064.0,98482.0,30555.0,903.0,0.0,21228.0,291630.0,1585.0,1686.0,549.0,1289.0,32344.0,4805.0,20690.0,16726.0,582.0,46912.0,30400.0,7564.0,67287.0,10374.0,23693.0
2020-09-16,204.0,92353.0,1795.0,29180.0,13055.0,2991.0,35909.0,229.0,29787.0,5102.0,16357.0,20430.0,3801.0,18678.0,14118.0,98555.0,31226.0,938.0,0.0,21620.0,292174.0,1745.0,1818.0,558.0,1269.0,32267.0,4674.0,21154.0,16761.0,464.0,46806.0,30401.0,7498.0,67335.0,10739.0,23942.0
2020-09-17,196.0,90279.0,1892.0,29091.0,12959.0,3171.0,37470.0,233.0,30914.0,5375.0,16262.0,21334.0,4146.0,19503.0,14138.0,101645.0,32775.0,953.0,0.0,22136.0,297506.0,1751.0,1902.0,567.0,1261.0,32405.0,4770.0,21022.0,17049.0,480.0,46633.0,30443.0,7498.0,67002.0,11068.0,24147.0
2020-09-18,174.0,88197.0,1871.0,28208.0,13156.0,3085.0,36036.0,221.0,31721.0,5612.0,15975.0,21014.0,4146.0,20239.0,13703.0,103650.0,34380.0,972.0,0.0,21631.0,302135.0,1841.0,1983.0,585.0,1193.0,33026.0,4744.0,21568.0,17495.0,463.0,46610.0,30673.0,7162.0,68235.0,11714.0,24336.0
2020-09-19,165.0,84423.0,1886.0,28631.0,12609.0,2978.0,36580.0,218.0,32250.0,5730.0,16076.0,21291.0,4430.0,20770.0,13924.0,101148.0,35795.0,987.0,0.0,21605.0,301273.0,1926.0,1976.0,575.0,1213.0,33092.0,4736.0,21662.0,17717.0,422.0,46506.0,30636.0,7107.0,67825.0,11293.0,24509.0
2020-09-20,156.0,81763.0,1957.0,29362.0,12629.0,2911.0,37489.0,208.0,32064.0,5920.0,16022.0,21682.0,4308.0,21281.0,13548.0,98583.0,37535.0,993.0,0.0,21964.0,297866.0,1946.0,2038.0,588.0,1206.0,33202.0,4785.0,22399.0,17997.0,426.0,46453.0,30573.0,6983.0,66874.0,12465.0,24648.0
2020-09-21,147.0,78836.0,1964.0,28780.0,13005.0,2821.0,37853.0,229.0,32097.0,5781.0,16208.0,21411.0,4444.0,22032.0,13791.0,98062.0,39484.0,1013.0,0.0,22300.0,291630.0,2070.0,2111.0,583.0,1184.0,33504.0,4908.0,22278.0,18184.0,469.0,46703.0,29636.0,6566.0,65954.0,12455.0,24806.0
2020-09-22,152.0,74518.0,1939.0,29609.0,12539.0,2761.0,37927.0,220.0,30941.0,5667.0,16305.0,21014.0,4458.0,21887.0,13504.0,95354.0,39354.0,1047.0,0.0,22542.0,275017.0,2113.0,2169.0,680.0,1052.0,34033.0,4659.0,21661.0,18245.0,513.0,46495.0,29649.0,6700.0,64164.0,12075.0,24898.0
2020-09-23,160.0,71465.0,2052.0,29857.0,12928.0,2622.0,38198.0,198.0,31623.0,5513.0,16370.0,19888.0,4124.0,21485.0,13280.0,93172.0,40453.0,1028.0,0.0,22646.0,272809.0,2333.0,2047.0,690.0,1072.0,34377.0,4757.0,21288.0,18614.0,556.0,46350.0,29873.0,6599.0,63148.0,11831.0,24971.0
2020-09-24,166.0,70357.0,2216.0,30182.0,12958.0,2537.0,35850.0,205.0,30836.0,5646.0,16438.0,19276.0,3950.0,19918.0,12882.0,94671.0,42858.0,1038.0,0.0,22812.0,273883.0,2206.0,2060.0,618.0,1119.0,34547.0,4853.0,21230.0,18992.0,575.0,46249.0,30037.0,6551.0,61698.0,11867.0,25101.0
2020-09-25,189.0,69353.0,2331.0,29830.0,13015.0,2482.0,36038.0,190.0,31125.0,5822.0,16327.0,18889.0,3984.0,19451.0,12841.0,95568.0,45993.0,1022.0,0.0,22744.0,275404.0,2106.0,1977.0,681.0,1088.0,35092.0,5097.0,20679.0,18993.0,607.0,46405.0,30387.0,6378.0,61300.0,11507.0,25221.0
2020-09-26,179.0,67683.0,2427.0,30034.0,12773.0,2390.0,30928.0,182.0,30867.0,5614.0,16478.0,18032.0,3976.0,19170.0,12533.0,98493.0,48967.0,998.0,0.0,22198.0,273190.0,2126.0,1772.0,546.0,1083.0,34897.0,5214.0,19937.0,19030.0,679.0,46386.0,30334.0,6148.0,59397.0,10934.0,25374.0
2020-09-27,171.0,65794.0,2458.0,30162.0,12754.0,2298.0,30689.0,163.0,29717.0,5424.0,16463.0,17149.0,4104.0,18430.0,12426.0,101801.0,52753.0,1018.0,0.0,22228.0,269535.0,2306.0,1515.0,549.0,1027.0,34476.0,5327.0,19483.0,19355.0,705.0,46336.0,30234.0,6066.0,57086.0,10856.0,25544.0
2020-09-28,188.0,64876.0,2495.0,29350.0,12827.0,2303.0,31661.0,152.0,29228.0,5097.0,16633.0,16485.0,3657.0,18199.0,12433.0,104743.0,56786.0,1013.0,0.0,22431.0,273646.0,2359.0,1480.0,535.0,1042.0,35006.0,5239.0,18556.0,19700.0,692.0,46341.0,29673.0,5689.0,55603.0,10799.0,25723.0
2020-09-29,168.0,63116.0,2725.0,30662.0,12664.0,2200.0,33044.0,133.0,27123.0,4917.0,16689.0,15670.0,3650.0,17601.0,12126.0,104067.0,57957.0,1030.0,0.0,21912.0,265455.0,2431.0,1448.0,499.0,1002.0,34211.0,5014.0,17746.0,20043.0,698.0,46306.0,29477.0,5874.0,53953.0,10066.0,25899.0
2020-09-30,181.0,59435.0,2794.0,32539.0,12366.0,2060.0,31225.0,120.0,27524.0,4577.0,16676.0,14804.0,3573.0,17414.0,11942.0,107756.0,61869.0,1030.0,0.0,21317.0,260789.0,2642.0,1476.0,410.0,1037.0,33367.0,4933.0,16824.0,20376.0,667.0,46281.0,29326.0,5765.0,52160.0,9122.0,26064.0
2020-10-01,174.0,58445.0,2890.0,34496.0,12092.0,1963.0,30927.0,109.0,26908.0,4865.0,16683.0,14340.0,3400.0,17017.0,11596.0,107635.0,67140.0,1064.0,0.0,20997.0,259462.0,2456.0,1615.0,420.0,1080.0,32577.0,4949.0,16814.0,20581.0,672.0,46263.0,29058.0,5691.0,50883.0,9111.0,26332.0
2020-10-02,172.0,57858.0,2955.0,34163.0,12086.0,1884.0,30468.0,113.0,26738.0,4977.0,16690.0,13472.0,3416.0,16413.0,11482.0,110431.0,72418.0,1067.0,0.0,20473.0,259440.0,2402.0,1750.0,328.0,1083.0,31795.0,4994.0,15763.0,20807.0,636.0,46369.0,28620.0,5480.0,50378.0,8544.0,26552.0
2020-10-03,174.0,56897.0,3019.0,34128.0,12077.0,1881.0,29693.0,100.0,26450.0,5009.0,16735.0,13247.0,3256.0,16089.0,11243.0,112005.0,77564.0,1094.0,0.0,20124.0,261313.0,2336.0,1755.0,344.0,1090.0,31331.0,5054.0,14935.0,20942.0,642.0,46294.0,28328.0,5366.0,49112.0,8504.0,26865.0
2020-10-04,173.0,55282.0,3015.0,33933.0,11597.0,1792.0,29292.0,101.0,25234.0,4923.0,16762.0,12868.0,3292.0,15646.0,10939.0,112802.0,80900.0,1101.0,0.0,19807.0,258548.0,2497.0,2083.0,348.0,1155.0,30301.0,4874.0,14289.0,21075.0,640.0,46255.0,27901.0,5171.0,47823.0,8076.0,27130.0
2020-10-05,182.0,54400.0,2953.0,33324.0,11795.0,1673.0,28548.0,105.0,24753.0,4839.0,16809.0,12067.0,3273.0,15460.0,10936.0,115593.0,84579.0,1106.0,0.0,19372.0,255722.0,2576.0,2209.0,313.0,1226.0,29504.0,4787.0,13577.0,21154.0,649.0,46120.0,27052.0,4858.0,46385.0,9089.0,27439.0
2020-10-06,186.0,51060.0,2989.0,33467.0,11523.0,1604.0,27857.0,99.0,23080.0,4803.0,16718.0,11822.0,3156.0,14696.0,10436.0,115496.0,84958.0,1166.0,0.0,18757.0,252721.0,2696.0,2217.0,291.0,1155.0,28006.0,4513.0,12895.0,21215.0,598.0,45881.0,26644.0,4876.0,45024.0,8701.0,27717.0
2020-10-07,180.0,50776.0,3022.0,33047.0,11420.0,1492.0,27238.0,101.0,22720.0,4720.0,16570.0,11320.0,3136.0,13712.0,10027.0,115170.0,87823.0,1195.0,0.0,18141.0,247468.0,2680.0,2371.0,261.0,1185.0,26846.0,4522.0,11982.0,21294.0,580.0,45279.0,26551.0,4621.0,44031.0,8414.0,27988.0
2020-10-08,185.0,49513.0,2850.0,31786.0,11326.0,1448.0,26777.0,108.0,22186.0,4749.0,16485.0,11029.0,2996.0,12131.0,9759.0,116172.0,92246.0,1228.0,0.0,17522.0,244976.0,2805.0,2411.0,231.0,1200.0,26368.0,4680.0,11563.0,21351.0,570.0,45135.0,26368.0,4389.0,43154.0,8367.0,28361.0
2020-10-09,190.0,48661.0,2778.0,30767.0,11447.0,1392.0,27427.0,105.0,22232.0,4716.0,16465.0,10867.0,2943.0,11482.0,9272.0,117162.0,90664.0,1299.0,0.0,16788.0,242438.0,2877.0,2369.0,220.0,1155.0,26184.0,4727.0,10775.0,21382.0,545.0,44437.0,26374.0,4197.0,42552.0,7849.0,28854.0
2020-10-10,197.0,47665.0,2860.0,29710.0,11274.0,1292.0,27439.0,101.0,21955.0,4783.0,16181.0,10830.0,2856.0,11144.0,8819.0,118870.0,91841.0,1038.0,0.0,16168.0,236947.0,2858.0,2424.0,188.0,1215.0,25460.0,4803.0,10153.0,21398.0,504.0,44197.0,26104.0,4039.0,41287.0,7289.0,29296.0
2020-10-11,193.0,46624.0,2940.0,29221.0,11165.0,1229.0,27369.0,100.0,22007.0,4658.0,15936.0,10677.0,2718.0,10796.0,8362.0,120948.0,96003.0,1022.0,0.0,15612.0,221615.0,2608.0,2437.0,191.0,1238.0,24414.0,4719.0,9752.0,21354.0,450.0,44150.0,25713.0,3951.0,40210.0,7321.0,29793.0
2020-10-12,186.0,46295.0,2891.0,28385.0,11044.0,1184.0,27348.0,102.0,21701.0,4656.0,15695.0,10573.0,2687.0,10466.0,8167.0,120289.0,96401.0,980.0,0.0,15177.0,221637.0,2731.0,2478.0,174.0,1259.0,23602.0,4695.0,9275.0,21412.0,384.0,44095.0,24514.0,3742.0,40019.0,7373.0,30236.0
2020-10-13,198.0,43983.0,2940.0,28439.0,10669.0,1170.0,27421.0,102.0,20535.0,4465.0,15414.0,10401.0,2637.0,9992.0,7776.0,115795.0,94473.0,961.0,0.0,14932.0,212905.0,2756.0,2434.0,156.0,1409.0,23430.0,4617.0,8576.0,21671.0,384.0,43747.0,24208.0,3738.0,38815.0,6976.0,30604.0
2020-10-14,199.0,42855.0,2960.0,28897.0,10835.0,1127.0,27208.0,85.0,21490.0,4316.0,15187.0,10319.0,2507.0,9866.0,7617.0,113478.0,95493.0,969.0,0.0,14661.0,205884.0,2867.0,2367.0,119.0,1513.0,22892.0,4572.0,8212.0,21924.0,344.0,43239.0,23728.0,3500.0,38082.0,6576.0,30988.0
2020-10-15,195.0,41669.0,3045.0,29307.0,10756.0,1085.0,27809.0,79.0,21903.0,4188.0,14937.0,10187.0,2520.0,9739.0,7191.0,114006.0,93925.0,979.0,0.0,14432.0,196761.0,3076.0,2339.0,112.0,1478.0,22716.0,4525.0,7760.0,21711.0,325.0,42566.0,23203.0,3318.0,36898.0,6145.0,31505.0
2020-10-16,190.0,40047.0,3052.0,28804.0,11038.0,1044.0,28187.0,71.0,22605.0,4084.0,14782.0,10364.0,2654.0,9058.0,6892.0,113557.0,94609.0,1018.0,0.0,14157.0,192936.0,3193.0,2445.0,108.0,1453.0,22387.0,4551.0,7090.0,21587.0,312.0,41872.0,23315.0,3105.0,36295.0,5682.0,31984.0
2020-10-17,185.0,38979.0,3068.0,28631.0,10884.0,974.0,27693.0,66.0,22814.0,3950.0,14683.0,10441.0,2642.0,8909.0,6543.0,112446.0,95101.0,915.0,0.0,13928.0,190192.0,3361.0,2493.0,112.0,1471.0,21660.0,4524.0,6592.0,21381.0,295.0,40959.0,22774.0,2966.0,35263.0,5692.0,32500.0
2020-10-18,179.0,37102.0,3003.0,28442.0,10848.0,915.0,27180.0,59.0,22884.0,3827.0,14565.0,10265.0,2680.0,8704.0,6576.0,110666.0,96100.0,933.0,0.0,13698.0,185750.0,3587.0,2295.0,108.0,1530.0,20997.0,4420.0,6230.0,21255.0,275.0,40192.0,22050.0,2917.0,34420.0,5538.0,33121.0
2020-10-19,184.0,36474.0,2824.0,28158.0,10584.0,884.0,26750.0,54.0,23292.0,3648.0,14414.0,10042.0,2630.0,8677.0,6502.0,109283.0,95299.0,917.0,0.0,13281.0,183456.0,3606.0,2151.0,105.0,1583.0,20392.0,4277.0,5735.0,21139.0,272.0,39121.0,21098.0,2672.0,32896.0,5728.0,33927.0
2020-10-20,178.0,35065.0,2833.0,27319.0,10937.0,861.0,25979.0,43.0,22570.0,3283.0,14255.0,10075.0,2593.0,8314.0,6220.0,106233.0,92831.0,880.0,0.0,12996.0,174246.0,3748.0,2069.0,129.0,1653.0,19619.0,4152.0,5307.0,20893.0,263.0,38093.0,20686.0,2609.0,31495.0,5527.0,34584.0
2020-10-21,183.0,33396.0,2712.0,26775.0,11348.0,810.0,25709.0,39.0,23922.0,3201.0,14245.0,10078.0,2596.0,8124.0,6180.0,103964.0,92023.0,841.0,0.0,12507.0,174755.0,3882.0,2020.0,145.0,1658.0,18885.0,4101.0,4895.0,20254.0,254.0,36734.0,20449.0,2455.0,30416.0,5364.0,35170.0
2020-10-22,199.0,32376.0,2682.0,25807.0,11118.0,744.0,25795.0,44.0,24117.0,3099.0,14193.0,10187.0,2636.0,8088.0,6206.0,100459.0,93527.0,848.0,0.0,12386.0,159346.0,3846.0,1870.0,167.0,1683.0,18087.0,4026.0,4808.0,19185.0,253.0,35480.0,20183.0,2339.0,29364.0,5085.0,35579.0
2020-10-23,190.0,32257.0,2638.0,24724.0,11213.0,712.0,25238.0,47.0,25237.0,2991.0,14121.0,10009.0,2623.0,7952.0,6122.0,92946.0,93393.0,842.0,0.0,12146.0,150510.0,4101.0,1661.0,184.0,1799.0,17857.0,4039.0,4466.0,18341.0,254.0,34198.0,20377.0,2229.0,29131.0,4897.0,36064.0
2020-10-24,204.0,31721.0,2499.0,22963.0,10630.0,697.0,24620.0,51.0,26001.0,2824.0,13963.0,10082.0,2620.0,7842.0,6055.0,89502.0,95760.0,788.0,0.0,11761.0,144426.0,4083.0,1631.0,198.0,1838.0,17255.0,3975.0,4327.0,17775.0,242.0,32960.0,19937.0,2055.0,28268.0,4656.0,36471.0
2020-10-25,199.0,31469.0,2397.0,20271.0,10459.0,674.0,23899.0,50.0,26467.0,2692.0,13965.0,10148.0,2605.0,7680.0,5966.0,86768.0,97520.0,790.0,0.0,11477.0,140702.0,4165.0,1574.0,249.0,1817.0,16322.0,3912.0,4277.0,17100.0,266.0,31787.0,19465.0,1992.0,27681.0,4542.0,36807.0
2020-10-26,204.0,30860.0,2260.0,17510.0,9722.0,653.0,23743.0,51.0,26744.0,2576.0,13914.0,10295.0,2489.0,7565.0,5844.0,81069.0,96688.0,736.0,0.0,11237.0,141001.0,4166.0,1605.0,290.0,1871.0,15868.0,3804.0,4217.0,16668.0,246.0,30606.0,18611.0,1845.0,27317.0,4425.0,37017.0
2020-10-27,198.0,28770.0,2174.0,14891.0,9355.0,633.0,22093.0,50.0,25786.0,2517.0,13716.0,10154.0,2511.0,7296.0,5666.0,75442.0,93848.0,691.0,0.0,10857.0,134657.0,4223.0,1514.0,315.0,1838.0,15331.0,3758.0,4219.0,16233.0,245.0,29268.0,17890.0,1796.0,26652.0,4080.0,37190.0
2020-10-28,197.0,27300.0,2139.0,12845.0,8846.0,650.0,21693.0,48.0,27873.0,2384.0,13465.0,10452.0,2521.0,6990.0,5474.0,71349.0,92266.0,689.0,0.0,10353.0,132069.0,4246.0,1411.0,374.0,1865.0,14555.0,3741.0,4089.0,15949.0,262.0,27734.0,17916.0,1754.0,26267.0,3865.0,37172.0
2020-10-29,192.0,26622.0,2064.0,11803.0,8329.0,629.0,22167.0,51.0,29378.0,2402.0,13332.0,11014.0,2646.0,6976.0,5363.0,68180.0,93369.0,642.0,0.0,10094.0,130286.0,4233.0,1364.0,417.0,1845.0,14068.0,3686.0,4239.0,15708.0,263.0,26356.0,17979.0,1696.0,25487.0,3696.0,37111.0
2020-10-30,192.0,26268.0,2008.0,11138.0,8058.0,665.0,22331.0,49.0,30952.0,2436.0,13232.0,11391.0,2768.0,6928.0,5294.0,64499.0,91889.0,627.0,0.0,9689.0,128149.0,4308.0,1326.0,435.0,1763.0,13764.0,3720.0,4266.0,15554.0,268.0,24886.0,18456.0,1580.0,24858.0,3545.0,37094.0
2020-10-31,182.0,25514.0,1938.0,10421.0,7897.0,657.0,22350.0,49.0,32363.0,2405.0,13168.0,11851.0,2891.0,6835.0,5196.0,59518.0,90671.0,627.0,0.0,9294.0,125971.0,4303.0,1170.0,437.0,1598.0,13500.0,3739.0,4101.0,15251.0,254.0,23532.0,18409.0,1493.0,24431.0,3634.0,36999.0
2020-11-01,173.0,24575.0,1856.0,9367.0,7516.0,641.0,22090.0,39.0,32719.0,2344.0,13084.0,12191.0,2880.0,6419.0,5302.0,55036.0,91297.0,656.0,0.0,8929.0,124142.0,3472.0,1019.0,461.0,1554.0,13047.0,3697.0,4257.0,15102.0,251.0,22164.0,18241.0,1400.0,23768.0,3883.0,36886.0
2020-11-02,168.0,23668.0,1771.0,8802.0,6966.0,618.0,22126.0,34.0,34173.0,2244.0,12811.0,12634.0,2973.0,6326.0,5229.0,50611.0,89783.0,583.0,0.0,8538.0,125672.0,3514.0,1055.0,433.0,1501.0,12930.0,3169.0,4195.0,15255.0,234.0,20994.0,17630.0,1270.0,23323.0,3914.0,36761.0
2020-11-03,160.0,22538.0,1722.0,8481.0,6594.0,593.0,21914.0,34.0,33308.0,2215.0,12678.0,12919.0,2958.0,6080.0,5119.0,44824.0,86792.0,610.0,0.0,8298.0,119352.0,3568.0,1009.0,444.0,1365.0,12783.0,2756.0,4183.0,15889.0,239.0,19504.0,17742.0,1321.0,23035.0,3802.0,36576.0
2020-11-04,159.0,21672.0,1674.0,8385.0,6423.0,629.0,21770.0,30.0,36375.0,2209.0,12429.0,13338.0,3119.0,5968.0,5021.0,40414.0,84826.0,664.0,0.0,8044.0,117168.0,3597.0,971.0,516.0,1240.0,12510.0,2445.0,4226.0,16385.0,271.0,19201.0,18100.0,1322.0,22538.0,3705.0,36443.0
2020-11-05,166.0,21438.0,1645.0,8110.0,6094.0,671.0,22773.0,32.0,37369.0,2135.0,12376.0,14110.0,3431.0,5935.0,4814.0,35712.0,85108.0,702.0,0.0,7854.0,113645.0,3698.0,959.0,521.0,1146.0,12452.0,2129.0,4471.0,16323.0,254.0,19154.0,18656.0,1339.0,22676.0,3818.0,36246.0
2020-11-06,168.0,21878.0,1621.0,7662.0,6356.0,703.0,23113.0,36.0,38729.0,2065.0,12304.0,14644.0,3668.0,5802.0,4685.0,33114.0,84203.0,752.0,0.0,7766.0,107358.0,3786.0,989.0,515.0,1058.0,12363.0,1830.0,4621.0,16301.0,240.0,19061.0,19272.0,1327.0,23150.0,3680.0,35953.0
2020-11-07,166.0,21825.0,1603.0,7067.0,6518.0,772.0,23066.0,37.0,39722.0,2058.0,12014.0,15357.0,3845.0,5745.0,4639.0,33338.0,83324.0,784.0,0.0,7676.0,103007.0,3608.0,984.0,545.0,1000.0,12201.0,1640.0,4882.0,16277.0,283.0,19002.0,19936.0,1286.0,23132.0,3736.0,35557.0
2020-11-08,175.0,21434.0,1559.0,6758.0,6287.0,815.0,23256.0,32.0,40258.0,2036.0,12124.0,15713.0,4198.0,5584.0,4566.0,33339.0,83377.0,816.0,0.0,7736.0,100068.0,3223.0,995.0,562.0,1074.0,11873.0,1212.0,4827.0,16327.0,314.0,18966.0,19890.0,1302.0,22991.0,3890.0,35088.0
2020-11-09,169.0,21403.0,1509.0,6512.0,6273.0,876.0,22361.0,26.0,41857.0,1976.0,12318.0,16448.0,4716.0,5678.0,4471.0,33697.0,81940.0,765.0,0.0,7928.0,97296.0,3107.0,1034.0,476.0,988.0,11981.0,1170.0,4910.0,16376.0,273.0,18894.0,19239.0,1219.0,23249.0,3972.0,34566.0
